Page,date,views,index
Main_Page_en.wikipedia.org_all-access_all-agents,2015-07-01,20381245,1
Main_Page_en.wikipedia.org_all-access_all-agents,2015-07-02,20752194,2
Main_Page_en.wikipedia.org_all-access_all-agents,2015-07-03,19573967,3
Main_Page_en.wikipedia.org_all-access_all-agents,2015-07-04,20439645,4
Main_Page_en.wikipedia.org_all-access_all-agents,2015-07-05,20772109,5
Main_Page_en.wikipedia.org_all-access_all-agents,2015-07-06,22544669,6
Main_Page_en.wikipedia.org_all-access_all-agents,2015-07-07,21210887,7
Main_Page_en.wikipedia.org_all-access_all-agents,2015-07-08,19107911,8
Main_Page_en.wikipedia.org_all-access_all-agents,2015-07-09,19993848,9
Main_Page_en.wikipedia.org_all-access_all-agents,2015-07-10,20201821,10
Main_Page_en.wikipedia.org_all-access_all-agents,2015-07-11,19697811,11
Main_Page_en.wikipedia.org_all-access_all-agents,2015-07-12,20232622,12
Main_Page_en.wikipedia.org_all-access_all-agents,2015-07-13,20516284,13
Main_Page_en.wikipedia.org_all-access_all-agents,2015-07-14,19701242,14
Main_Page_en.wikipedia.org_all-access_all-agents,2015-07-15,19563106,15
Main_Page_en.wikipedia.org_all-access_all-agents,2015-07-16,19658463,16
Main_Page_en.wikipedia.org_all-access_all-agents,2015-07-17,18989969,17
Main_Page_en.wikipedia.org_all-access_all-agents,2015-07-18,18364385,18
Main_Page_en.wikipedia.org_all-access_all-agents,2015-07-19,18825015,19
Main_Page_en.wikipedia.org_all-access_all-agents,2015-07-20,20338627,20
Main_Page_en.wikipedia.org_all-access_all-agents,2015-07-21,19740114,21
Main_Page_en.wikipedia.org_all-access_all-agents,2015-07-22,19536361,22
Main_Page_en.wikipedia.org_all-access_all-agents,2015-07-23,19620144,23
Main_Page_en.wikipedia.org_all-access_all-agents,2015-07-24,18639334,24
Main_Page_en.wikipedia.org_all-access_all-agents,2015-07-25,19317992,25
Main_Page_en.wikipedia.org_all-access_all-agents,2015-07-26,20404878,26
Main_Page_en.wikipedia.org_all-access_all-agents,2015-07-27,20155604,27
Main_Page_en.wikipedia.org_all-access_all-agents,2015-07-28,19891238,28
Main_Page_en.wikipedia.org_all-access_all-agents,2015-07-29,27562967,29
Main_Page_en.wikipedia.org_all-access_all-agents,2015-07-30,18497101,30
Main_Page_en.wikipedia.org_all-access_all-agents,2015-07-31,17928619,31
Main_Page_en.wikipedia.org_all-access_all-agents,2015-08-01,18184589,32
Main_Page_en.wikipedia.org_all-access_all-agents,2015-08-02,19406979,33
Main_Page_en.wikipedia.org_all-access_all-agents,2015-08-03,18952314,34
Main_Page_en.wikipedia.org_all-access_all-agents,2015-08-04,20533464,35
Main_Page_en.wikipedia.org_all-access_all-agents,2015-08-05,20246181,36
Main_Page_en.wikipedia.org_all-access_all-agents,2015-08-06,20060143,37
Main_Page_en.wikipedia.org_all-access_all-agents,2015-08-07,19118751,38
Main_Page_en.wikipedia.org_all-access_all-agents,2015-08-08,19440903,39
Main_Page_en.wikipedia.org_all-access_all-agents,2015-08-09,19711586,40
Main_Page_en.wikipedia.org_all-access_all-agents,2015-08-10,19852185,41
Main_Page_en.wikipedia.org_all-access_all-agents,2015-08-11,18373717,42
Main_Page_en.wikipedia.org_all-access_all-agents,2015-08-12,19389981,43
Main_Page_en.wikipedia.org_all-access_all-agents,2015-08-13,19189292,44
Main_Page_en.wikipedia.org_all-access_all-agents,2015-08-14,19448047,45
Main_Page_en.wikipedia.org_all-access_all-agents,2015-08-15,19307161,46
Main_Page_en.wikipedia.org_all-access_all-agents,2015-08-16,19678502,47
Main_Page_en.wikipedia.org_all-access_all-agents,2015-08-17,20307325,48
Main_Page_en.wikipedia.org_all-access_all-agents,2015-08-18,20082806,49
Main_Page_en.wikipedia.org_all-access_all-agents,2015-08-19,18899128,50
Main_Page_en.wikipedia.org_all-access_all-agents,2015-08-20,19086124,51
Main_Page_en.wikipedia.org_all-access_all-agents,2015-08-21,18898178,52
Main_Page_en.wikipedia.org_all-access_all-agents,2015-08-22,18795849,53
Main_Page_en.wikipedia.org_all-access_all-agents,2015-08-23,19889634,54
Main_Page_en.wikipedia.org_all-access_all-agents,2015-08-24,20207892,55
Main_Page_en.wikipedia.org_all-access_all-agents,2015-08-25,18560859,56
Main_Page_en.wikipedia.org_all-access_all-agents,2015-08-26,18092700,57
Main_Page_en.wikipedia.org_all-access_all-agents,2015-08-27,17864810,58
Main_Page_en.wikipedia.org_all-access_all-agents,2015-08-28,17294989,59
Main_Page_en.wikipedia.org_all-access_all-agents,2015-08-29,17841510,60
Main_Page_en.wikipedia.org_all-access_all-agents,2015-08-30,18196735,61
Main_Page_en.wikipedia.org_all-access_all-agents,2015-08-31,20550338,62
Main_Page_en.wikipedia.org_all-access_all-agents,2015-09-01,18080223,63
Main_Page_en.wikipedia.org_all-access_all-agents,2015-09-02,18416432,64
Main_Page_en.wikipedia.org_all-access_all-agents,2015-09-03,17852452,65
Main_Page_en.wikipedia.org_all-access_all-agents,2015-09-04,17481223,66
Main_Page_en.wikipedia.org_all-access_all-agents,2015-09-05,17902157,67
Main_Page_en.wikipedia.org_all-access_all-agents,2015-09-06,18996520,68
Main_Page_en.wikipedia.org_all-access_all-agents,2015-09-07,19742704,69
Main_Page_en.wikipedia.org_all-access_all-agents,2015-09-08,19648010,70
Main_Page_en.wikipedia.org_all-access_all-agents,2015-09-09,18609461,71
Main_Page_en.wikipedia.org_all-access_all-agents,2015-09-10,18072668,72
Main_Page_en.wikipedia.org_all-access_all-agents,2015-09-11,18555510,73
Main_Page_en.wikipedia.org_all-access_all-agents,2015-09-12,18931481,74
Main_Page_en.wikipedia.org_all-access_all-agents,2015-09-13,19064493,75
Main_Page_en.wikipedia.org_all-access_all-agents,2015-09-14,19220060,76
Main_Page_en.wikipedia.org_all-access_all-agents,2015-09-15,19269602,77
Main_Page_en.wikipedia.org_all-access_all-agents,2015-09-16,18231321,78
Main_Page_en.wikipedia.org_all-access_all-agents,2015-09-17,18204057,79
Main_Page_en.wikipedia.org_all-access_all-agents,2015-09-18,17712486,80
Main_Page_en.wikipedia.org_all-access_all-agents,2015-09-19,17854066,81
Main_Page_en.wikipedia.org_all-access_all-agents,2015-09-20,19607284,82
Main_Page_en.wikipedia.org_all-access_all-agents,2015-09-21,20802582,83
Main_Page_en.wikipedia.org_all-access_all-agents,2015-09-22,18833659,84
Main_Page_en.wikipedia.org_all-access_all-agents,2015-09-23,19586929,85
Main_Page_en.wikipedia.org_all-access_all-agents,2015-09-24,17953503,86
Main_Page_en.wikipedia.org_all-access_all-agents,2015-09-25,17808689,87
Main_Page_en.wikipedia.org_all-access_all-agents,2015-09-26,18096935,88
Main_Page_en.wikipedia.org_all-access_all-agents,2015-09-27,18695801,89
Main_Page_en.wikipedia.org_all-access_all-agents,2015-09-28,20307223,90
Main_Page_en.wikipedia.org_all-access_all-agents,2015-09-29,17538877,91
Main_Page_en.wikipedia.org_all-access_all-agents,2015-09-30,19702450,92
Main_Page_en.wikipedia.org_all-access_all-agents,2015-10-01,18840697,93
Main_Page_en.wikipedia.org_all-access_all-agents,2015-10-02,18537731,94
Main_Page_en.wikipedia.org_all-access_all-agents,2015-10-03,18301278,95
Main_Page_en.wikipedia.org_all-access_all-agents,2015-10-04,18939702,96
Main_Page_en.wikipedia.org_all-access_all-agents,2015-10-05,19282653,97
Main_Page_en.wikipedia.org_all-access_all-agents,2015-10-06,18265253,98
Main_Page_en.wikipedia.org_all-access_all-agents,2015-10-07,18840988,99
Main_Page_en.wikipedia.org_all-access_all-agents,2015-10-08,19047312,100
Main_Page_en.wikipedia.org_all-access_all-agents,2015-10-09,18440817,101
Main_Page_en.wikipedia.org_all-access_all-agents,2015-10-10,18938321,102
Main_Page_en.wikipedia.org_all-access_all-agents,2015-10-11,19121832,103
Main_Page_en.wikipedia.org_all-access_all-agents,2015-10-12,20286343,104
Main_Page_en.wikipedia.org_all-access_all-agents,2015-10-13,19559575,105
Main_Page_en.wikipedia.org_all-access_all-agents,2015-10-14,18802022,106
Main_Page_en.wikipedia.org_all-access_all-agents,2015-10-15,18822460,107
Main_Page_en.wikipedia.org_all-access_all-agents,2015-10-16,17868389,108
Main_Page_en.wikipedia.org_all-access_all-agents,2015-10-17,18036102,109
Main_Page_en.wikipedia.org_all-access_all-agents,2015-10-18,19028520,110
Main_Page_en.wikipedia.org_all-access_all-agents,2015-10-19,21347607,111
Main_Page_en.wikipedia.org_all-access_all-agents,2015-10-20,20669053,112
Main_Page_en.wikipedia.org_all-access_all-agents,2015-10-21,21553554,113
Main_Page_en.wikipedia.org_all-access_all-agents,2015-10-22,21469391,114
Main_Page_en.wikipedia.org_all-access_all-agents,2015-10-23,18919155,115
Main_Page_en.wikipedia.org_all-access_all-agents,2015-10-24,17532501,116
Main_Page_en.wikipedia.org_all-access_all-agents,2015-10-25,20101332,117
Main_Page_en.wikipedia.org_all-access_all-agents,2015-10-26,20545890,118
Main_Page_en.wikipedia.org_all-access_all-agents,2015-10-27,20892326,119
Main_Page_en.wikipedia.org_all-access_all-agents,2015-10-28,20538568,120
Main_Page_en.wikipedia.org_all-access_all-agents,2015-10-29,18817869,121
Main_Page_en.wikipedia.org_all-access_all-agents,2015-10-30,18179530,122
Main_Page_en.wikipedia.org_all-access_all-agents,2015-10-31,18120563,123
Main_Page_en.wikipedia.org_all-access_all-agents,2015-11-01,17973094,124
Main_Page_en.wikipedia.org_all-access_all-agents,2015-11-02,21329021,125
Main_Page_en.wikipedia.org_all-access_all-agents,2015-11-03,21050933,126
Main_Page_en.wikipedia.org_all-access_all-agents,2015-11-04,20017882,127
Main_Page_en.wikipedia.org_all-access_all-agents,2015-11-05,19777471,128
Main_Page_en.wikipedia.org_all-access_all-agents,2015-11-06,18059062,129
Main_Page_en.wikipedia.org_all-access_all-agents,2015-11-07,17536850,130
Main_Page_en.wikipedia.org_all-access_all-agents,2015-11-08,18536679,131
Main_Page_en.wikipedia.org_all-access_all-agents,2015-11-09,20775262,132
Main_Page_en.wikipedia.org_all-access_all-agents,2015-11-10,19631183,133
Main_Page_en.wikipedia.org_all-access_all-agents,2015-11-11,19202046,134
Main_Page_en.wikipedia.org_all-access_all-agents,2015-11-12,18796807,135
Main_Page_en.wikipedia.org_all-access_all-agents,2015-11-13,18115623,136
Main_Page_en.wikipedia.org_all-access_all-agents,2015-11-14,18071079,137
Main_Page_en.wikipedia.org_all-access_all-agents,2015-11-15,19122767,138
Main_Page_en.wikipedia.org_all-access_all-agents,2015-11-16,20877193,139
Main_Page_en.wikipedia.org_all-access_all-agents,2015-11-17,19786022,140
Main_Page_en.wikipedia.org_all-access_all-agents,2015-11-18,19888465,141
Main_Page_en.wikipedia.org_all-access_all-agents,2015-11-19,19153768,142
Main_Page_en.wikipedia.org_all-access_all-agents,2015-11-20,17571728,143
Main_Page_en.wikipedia.org_all-access_all-agents,2015-11-21,18951935,144
Main_Page_en.wikipedia.org_all-access_all-agents,2015-11-22,19460547,145
Main_Page_en.wikipedia.org_all-access_all-agents,2015-11-23,20561700,146
Main_Page_en.wikipedia.org_all-access_all-agents,2015-11-24,19454519,147
Main_Page_en.wikipedia.org_all-access_all-agents,2015-11-25,18815903,148
Main_Page_en.wikipedia.org_all-access_all-agents,2015-11-26,18137351,149
Main_Page_en.wikipedia.org_all-access_all-agents,2015-11-27,17900461,150
Main_Page_en.wikipedia.org_all-access_all-agents,2015-11-28,19148652,151
Main_Page_en.wikipedia.org_all-access_all-agents,2015-11-29,19277043,152
Main_Page_en.wikipedia.org_all-access_all-agents,2015-11-30,21366420,153
Main_Page_en.wikipedia.org_all-access_all-agents,2015-12-01,20099427,154
Main_Page_en.wikipedia.org_all-access_all-agents,2015-12-02,18205049,155
Main_Page_en.wikipedia.org_all-access_all-agents,2015-12-03,18574825,156
Main_Page_en.wikipedia.org_all-access_all-agents,2015-12-04,17961520,157
Main_Page_en.wikipedia.org_all-access_all-agents,2015-12-05,18167049,158
Main_Page_en.wikipedia.org_all-access_all-agents,2015-12-06,18411552,159
Main_Page_en.wikipedia.org_all-access_all-agents,2015-12-07,21106509,160
Main_Page_en.wikipedia.org_all-access_all-agents,2015-12-08,20075408,161
Main_Page_en.wikipedia.org_all-access_all-agents,2015-12-09,18032665,162
Main_Page_en.wikipedia.org_all-access_all-agents,2015-12-10,16571493,163
Main_Page_en.wikipedia.org_all-access_all-agents,2015-12-11,17547647,164
Main_Page_en.wikipedia.org_all-access_all-agents,2015-12-12,16255060,165
Main_Page_en.wikipedia.org_all-access_all-agents,2015-12-13,18341734,166
Main_Page_en.wikipedia.org_all-access_all-agents,2015-12-14,19253442,167
Main_Page_en.wikipedia.org_all-access_all-agents,2015-12-15,17266631,168
Main_Page_en.wikipedia.org_all-access_all-agents,2015-12-16,17619356,169
Main_Page_en.wikipedia.org_all-access_all-agents,2015-12-17,16540916,170
Main_Page_en.wikipedia.org_all-access_all-agents,2015-12-18,16280140,171
Main_Page_en.wikipedia.org_all-access_all-agents,2015-12-19,16650087,172
Main_Page_en.wikipedia.org_all-access_all-agents,2015-12-20,16678204,173
Main_Page_en.wikipedia.org_all-access_all-agents,2015-12-21,17800819,174
Main_Page_en.wikipedia.org_all-access_all-agents,2015-12-22,17440969,175
Main_Page_en.wikipedia.org_all-access_all-agents,2015-12-23,17778614,176
Main_Page_en.wikipedia.org_all-access_all-agents,2015-12-24,17208838,177
Main_Page_en.wikipedia.org_all-access_all-agents,2015-12-25,15979689,178
Main_Page_en.wikipedia.org_all-access_all-agents,2015-12-26,17885213,179
Main_Page_en.wikipedia.org_all-access_all-agents,2015-12-27,17404526,180
Main_Page_en.wikipedia.org_all-access_all-agents,2015-12-28,18944273,181
Main_Page_en.wikipedia.org_all-access_all-agents,2015-12-29,17566644,182
Main_Page_en.wikipedia.org_all-access_all-agents,2015-12-30,17379479,183
Main_Page_en.wikipedia.org_all-access_all-agents,2015-12-31,16956025,184
Main_Page_en.wikipedia.org_all-access_all-agents,2016-01-01,16357307,185
Main_Page_en.wikipedia.org_all-access_all-agents,2016-01-02,17614566,186
Main_Page_en.wikipedia.org_all-access_all-agents,2016-01-03,17537448,187
Main_Page_en.wikipedia.org_all-access_all-agents,2016-01-04,19232035,188
Main_Page_en.wikipedia.org_all-access_all-agents,2016-01-05,18142931,189
Main_Page_en.wikipedia.org_all-access_all-agents,2016-01-06,18377878,190
Main_Page_en.wikipedia.org_all-access_all-agents,2016-01-07,17277663,191
Main_Page_en.wikipedia.org_all-access_all-agents,2016-01-08,16437934,192
Main_Page_en.wikipedia.org_all-access_all-agents,2016-01-09,16439118,193
Main_Page_en.wikipedia.org_all-access_all-agents,2016-01-10,17278324,194
Main_Page_en.wikipedia.org_all-access_all-agents,2016-01-11,19101592,195
Main_Page_en.wikipedia.org_all-access_all-agents,2016-01-12,18446226,196
Main_Page_en.wikipedia.org_all-access_all-agents,2016-01-13,17198241,197
Main_Page_en.wikipedia.org_all-access_all-agents,2016-01-14,18142839,198
Main_Page_en.wikipedia.org_all-access_all-agents,2016-01-15,17463095,199
Main_Page_en.wikipedia.org_all-access_all-agents,2016-01-16,18220069,200
Main_Page_en.wikipedia.org_all-access_all-agents,2016-01-17,18696825,201
Main_Page_en.wikipedia.org_all-access_all-agents,2016-01-18,19388247,202
Main_Page_en.wikipedia.org_all-access_all-agents,2016-01-19,19658939,203
Main_Page_en.wikipedia.org_all-access_all-agents,2016-01-20,18722000,204
Main_Page_en.wikipedia.org_all-access_all-agents,2016-01-21,18927908,205
Main_Page_en.wikipedia.org_all-access_all-agents,2016-01-22,16902280,206
Main_Page_en.wikipedia.org_all-access_all-agents,2016-01-23,17528883,207
Main_Page_en.wikipedia.org_all-access_all-agents,2016-01-24,17619260,208
Main_Page_en.wikipedia.org_all-access_all-agents,2016-01-25,20102379,209
Main_Page_en.wikipedia.org_all-access_all-agents,2016-01-26,18640556,210
Main_Page_en.wikipedia.org_all-access_all-agents,2016-01-27,19257875,211
Main_Page_en.wikipedia.org_all-access_all-agents,2016-01-28,17268076,212
Main_Page_en.wikipedia.org_all-access_all-agents,2016-01-29,17158376,213
Main_Page_en.wikipedia.org_all-access_all-agents,2016-01-30,17088067,214
Main_Page_en.wikipedia.org_all-access_all-agents,2016-01-31,18357890,215
Main_Page_en.wikipedia.org_all-access_all-agents,2016-02-01,20277797,216
Main_Page_en.wikipedia.org_all-access_all-agents,2016-02-02,18918364,217
Main_Page_en.wikipedia.org_all-access_all-agents,2016-02-03,18859009,218
Main_Page_en.wikipedia.org_all-access_all-agents,2016-02-04,18481040,219
Main_Page_en.wikipedia.org_all-access_all-agents,2016-02-05,17843144,220
Main_Page_en.wikipedia.org_all-access_all-agents,2016-02-06,18587860,221
Main_Page_en.wikipedia.org_all-access_all-agents,2016-02-07,19309521,222
Main_Page_en.wikipedia.org_all-access_all-agents,2016-02-08,20739786,223
Main_Page_en.wikipedia.org_all-access_all-agents,2016-02-09,20397500,224
Main_Page_en.wikipedia.org_all-access_all-agents,2016-02-10,17795970,225
Main_Page_en.wikipedia.org_all-access_all-agents,2016-02-11,15992018,226
Main_Page_en.wikipedia.org_all-access_all-agents,2016-02-12,16617595,227
Main_Page_en.wikipedia.org_all-access_all-agents,2016-02-13,17480703,228
Main_Page_en.wikipedia.org_all-access_all-agents,2016-02-14,18726755,229
Main_Page_en.wikipedia.org_all-access_all-agents,2016-02-15,20032776,230
Main_Page_en.wikipedia.org_all-access_all-agents,2016-02-16,20575541,231
Main_Page_en.wikipedia.org_all-access_all-agents,2016-02-17,20476918,232
Main_Page_en.wikipedia.org_all-access_all-agents,2016-02-18,18843191,233
Main_Page_en.wikipedia.org_all-access_all-agents,2016-02-19,17769660,234
Main_Page_en.wikipedia.org_all-access_all-agents,2016-02-20,17818972,235
Main_Page_en.wikipedia.org_all-access_all-agents,2016-02-21,18605493,236
Main_Page_en.wikipedia.org_all-access_all-agents,2016-02-22,20419679,237
Main_Page_en.wikipedia.org_all-access_all-agents,2016-02-23,19124130,238
Main_Page_en.wikipedia.org_all-access_all-agents,2016-02-24,18960222,239
Main_Page_en.wikipedia.org_all-access_all-agents,2016-02-25,19336523,240
Main_Page_en.wikipedia.org_all-access_all-agents,2016-02-26,18111279,241
Main_Page_en.wikipedia.org_all-access_all-agents,2016-02-27,18717099,242
Main_Page_en.wikipedia.org_all-access_all-agents,2016-02-28,19800231,243
Main_Page_en.wikipedia.org_all-access_all-agents,2016-02-29,21580285,244
Main_Page_en.wikipedia.org_all-access_all-agents,2016-03-01,19914759,245
Main_Page_en.wikipedia.org_all-access_all-agents,2016-03-02,19662849,246
Main_Page_en.wikipedia.org_all-access_all-agents,2016-03-03,21093766,247
Main_Page_en.wikipedia.org_all-access_all-agents,2016-03-04,17953831,248
Main_Page_en.wikipedia.org_all-access_all-agents,2016-03-05,19490845,249
Main_Page_en.wikipedia.org_all-access_all-agents,2016-03-06,18435284,250
Main_Page_en.wikipedia.org_all-access_all-agents,2016-03-07,19338545,251
Main_Page_en.wikipedia.org_all-access_all-agents,2016-03-08,18439356,252
Main_Page_en.wikipedia.org_all-access_all-agents,2016-03-09,18144431,253
Main_Page_en.wikipedia.org_all-access_all-agents,2016-03-10,17279017,254
Main_Page_en.wikipedia.org_all-access_all-agents,2016-03-11,15675061,255
Main_Page_en.wikipedia.org_all-access_all-agents,2016-03-12,16375523,256
Main_Page_en.wikipedia.org_all-access_all-agents,2016-03-13,14680683,257
Main_Page_en.wikipedia.org_all-access_all-agents,2016-03-14,18617818,258
Main_Page_en.wikipedia.org_all-access_all-agents,2016-03-15,16794809,259
Main_Page_en.wikipedia.org_all-access_all-agents,2016-03-16,16286673,260
Main_Page_en.wikipedia.org_all-access_all-agents,2016-03-17,16038697,261
Main_Page_en.wikipedia.org_all-access_all-agents,2016-03-18,15873151,262
Main_Page_en.wikipedia.org_all-access_all-agents,2016-03-19,14503762,263
Main_Page_en.wikipedia.org_all-access_all-agents,2016-03-20,14020835,264
Main_Page_en.wikipedia.org_all-access_all-agents,2016-03-21,15315617,265
Main_Page_en.wikipedia.org_all-access_all-agents,2016-03-22,14483494,266
Main_Page_en.wikipedia.org_all-access_all-agents,2016-03-23,15114546,267
Main_Page_en.wikipedia.org_all-access_all-agents,2016-03-24,14594564,268
Main_Page_en.wikipedia.org_all-access_all-agents,2016-03-25,14088380,269
Main_Page_en.wikipedia.org_all-access_all-agents,2016-03-26,14588211,270
Main_Page_en.wikipedia.org_all-access_all-agents,2016-03-27,15326802,271
Main_Page_en.wikipedia.org_all-access_all-agents,2016-03-28,17449545,272
Main_Page_en.wikipedia.org_all-access_all-agents,2016-03-29,15724981,273
Main_Page_en.wikipedia.org_all-access_all-agents,2016-03-30,15307228,274
Main_Page_en.wikipedia.org_all-access_all-agents,2016-03-31,14506700,275
Main_Page_en.wikipedia.org_all-access_all-agents,2016-04-01,13658940,276
Main_Page_en.wikipedia.org_all-access_all-agents,2016-04-02,15130113,277
Main_Page_en.wikipedia.org_all-access_all-agents,2016-04-03,16171487,278
Main_Page_en.wikipedia.org_all-access_all-agents,2016-04-04,18152644,279
Main_Page_en.wikipedia.org_all-access_all-agents,2016-04-05,17002940,280
Main_Page_en.wikipedia.org_all-access_all-agents,2016-04-06,17028051,281
Main_Page_en.wikipedia.org_all-access_all-agents,2016-04-07,16822207,282
Main_Page_en.wikipedia.org_all-access_all-agents,2016-04-08,16176598,283
Main_Page_en.wikipedia.org_all-access_all-agents,2016-04-09,17166429,284
Main_Page_en.wikipedia.org_all-access_all-agents,2016-04-10,17373626,285
Main_Page_en.wikipedia.org_all-access_all-agents,2016-04-11,19206658,286
Main_Page_en.wikipedia.org_all-access_all-agents,2016-04-12,18442388,287
Main_Page_en.wikipedia.org_all-access_all-agents,2016-04-13,17128951,288
Main_Page_en.wikipedia.org_all-access_all-agents,2016-04-14,17172743,289
Main_Page_en.wikipedia.org_all-access_all-agents,2016-04-15,16607812,290
Main_Page_en.wikipedia.org_all-access_all-agents,2016-04-16,17183260,291
Main_Page_en.wikipedia.org_all-access_all-agents,2016-04-17,17533692,292
Main_Page_en.wikipedia.org_all-access_all-agents,2016-04-18,20146900,293
Main_Page_en.wikipedia.org_all-access_all-agents,2016-04-19,18546540,294
Main_Page_en.wikipedia.org_all-access_all-agents,2016-04-20,17679779,295
Main_Page_en.wikipedia.org_all-access_all-agents,2016-04-21,15695601,296
Main_Page_en.wikipedia.org_all-access_all-agents,2016-04-22,15575135,297
Main_Page_en.wikipedia.org_all-access_all-agents,2016-04-23,16668345,298
Main_Page_en.wikipedia.org_all-access_all-agents,2016-04-24,17780974,299
Main_Page_en.wikipedia.org_all-access_all-agents,2016-04-25,20181132,300
Main_Page_en.wikipedia.org_all-access_all-agents,2016-04-26,17808242,301
Main_Page_en.wikipedia.org_all-access_all-agents,2016-04-27,17623987,302
Main_Page_en.wikipedia.org_all-access_all-agents,2016-04-28,17918962,303
Main_Page_en.wikipedia.org_all-access_all-agents,2016-04-29,16022991,304
Main_Page_en.wikipedia.org_all-access_all-agents,2016-04-30,17187067,305
Main_Page_en.wikipedia.org_all-access_all-agents,2016-05-01,18196421,306
Main_Page_en.wikipedia.org_all-access_all-agents,2016-05-02,19709578,307
Main_Page_en.wikipedia.org_all-access_all-agents,2016-05-03,19145762,308
Main_Page_en.wikipedia.org_all-access_all-agents,2016-05-04,18694402,309
Main_Page_en.wikipedia.org_all-access_all-agents,2016-05-05,16769543,310
Main_Page_en.wikipedia.org_all-access_all-agents,2016-05-06,16408249,311
Main_Page_en.wikipedia.org_all-access_all-agents,2016-05-07,17230836,312
Main_Page_en.wikipedia.org_all-access_all-agents,2016-05-08,17879665,313
Main_Page_en.wikipedia.org_all-access_all-agents,2016-05-09,19255988,314
Main_Page_en.wikipedia.org_all-access_all-agents,2016-05-10,18923790,315
Main_Page_en.wikipedia.org_all-access_all-agents,2016-05-11,18153008,316
Main_Page_en.wikipedia.org_all-access_all-agents,2016-05-12,18433840,317
Main_Page_en.wikipedia.org_all-access_all-agents,2016-05-13,16814146,318
Main_Page_en.wikipedia.org_all-access_all-agents,2016-05-14,18159419,319
Main_Page_en.wikipedia.org_all-access_all-agents,2016-05-15,19180693,320
Main_Page_en.wikipedia.org_all-access_all-agents,2016-05-16,21098266,321
Main_Page_en.wikipedia.org_all-access_all-agents,2016-05-17,18961184,322
Main_Page_en.wikipedia.org_all-access_all-agents,2016-05-18,17964589,323
Main_Page_en.wikipedia.org_all-access_all-agents,2016-05-19,17644337,324
Main_Page_en.wikipedia.org_all-access_all-agents,2016-05-20,16155338,325
Main_Page_en.wikipedia.org_all-access_all-agents,2016-05-21,17892895,326
Main_Page_en.wikipedia.org_all-access_all-agents,2016-05-22,15627834,327
Main_Page_en.wikipedia.org_all-access_all-agents,2016-05-23,19552324,328
Main_Page_en.wikipedia.org_all-access_all-agents,2016-05-24,18482388,329
Main_Page_en.wikipedia.org_all-access_all-agents,2016-05-25,18780655,330
Main_Page_en.wikipedia.org_all-access_all-agents,2016-05-26,17895277,331
Main_Page_en.wikipedia.org_all-access_all-agents,2016-05-27,16353584,332
Main_Page_en.wikipedia.org_all-access_all-agents,2016-05-28,18103229,333
Main_Page_en.wikipedia.org_all-access_all-agents,2016-05-29,18999905,334
Main_Page_en.wikipedia.org_all-access_all-agents,2016-05-30,19554349,335
Main_Page_en.wikipedia.org_all-access_all-agents,2016-05-31,19027321,336
Main_Page_en.wikipedia.org_all-access_all-agents,2016-06-01,18728546,337
Main_Page_en.wikipedia.org_all-access_all-agents,2016-06-02,17306983,338
Main_Page_en.wikipedia.org_all-access_all-agents,2016-06-03,15919989,339
Main_Page_en.wikipedia.org_all-access_all-agents,2016-06-04,15622374,340
Main_Page_en.wikipedia.org_all-access_all-agents,2016-06-05,18882726,341
Main_Page_en.wikipedia.org_all-access_all-agents,2016-06-06,21889972,342
Main_Page_en.wikipedia.org_all-access_all-agents,2016-06-07,19095397,343
Main_Page_en.wikipedia.org_all-access_all-agents,2016-06-08,20112445,344
Main_Page_en.wikipedia.org_all-access_all-agents,2016-06-09,18967637,345
Main_Page_en.wikipedia.org_all-access_all-agents,2016-06-10,17794192,346
Main_Page_en.wikipedia.org_all-access_all-agents,2016-06-11,20298089,347
Main_Page_en.wikipedia.org_all-access_all-agents,2016-06-12,21558267,348
Main_Page_en.wikipedia.org_all-access_all-agents,2016-06-13,22985454,349
Main_Page_en.wikipedia.org_all-access_all-agents,2016-06-14,21595791,350
Main_Page_en.wikipedia.org_all-access_all-agents,2016-06-15,19535468,351
Main_Page_en.wikipedia.org_all-access_all-agents,2016-06-16,18199529,352
Main_Page_en.wikipedia.org_all-access_all-agents,2016-06-17,16321831,353
Main_Page_en.wikipedia.org_all-access_all-agents,2016-06-18,18408932,354
Main_Page_en.wikipedia.org_all-access_all-agents,2016-06-19,19029793,355
Main_Page_en.wikipedia.org_all-access_all-agents,2016-06-20,20929191,356
Main_Page_en.wikipedia.org_all-access_all-agents,2016-06-21,19773621,357
Main_Page_en.wikipedia.org_all-access_all-agents,2016-06-22,19879846,358
Main_Page_en.wikipedia.org_all-access_all-agents,2016-06-23,19587009,359
Main_Page_en.wikipedia.org_all-access_all-agents,2016-06-24,17865705,360
Main_Page_en.wikipedia.org_all-access_all-agents,2016-06-25,19308710,361
Main_Page_en.wikipedia.org_all-access_all-agents,2016-06-26,20247955,362
Main_Page_en.wikipedia.org_all-access_all-agents,2016-06-27,18666240,363
Main_Page_en.wikipedia.org_all-access_all-agents,2016-06-28,20016297,364
Main_Page_en.wikipedia.org_all-access_all-agents,2016-06-29,19576627,365
Main_Page_en.wikipedia.org_all-access_all-agents,2016-06-30,23209383,366
Main_Page_en.wikipedia.org_all-access_all-agents,2016-07-01,17242886,367
Main_Page_en.wikipedia.org_all-access_all-agents,2016-07-02,20218116,368
Main_Page_en.wikipedia.org_all-access_all-agents,2016-07-03,20830774,369
Main_Page_en.wikipedia.org_all-access_all-agents,2016-07-04,21616663,370
Main_Page_en.wikipedia.org_all-access_all-agents,2016-07-05,18720588,371
Main_Page_en.wikipedia.org_all-access_all-agents,2016-07-06,14506067,372
Main_Page_en.wikipedia.org_all-access_all-agents,2016-07-07,14876774,373
Main_Page_en.wikipedia.org_all-access_all-agents,2016-07-08,16096936,374
Main_Page_en.wikipedia.org_all-access_all-agents,2016-07-09,18411008,375
Main_Page_en.wikipedia.org_all-access_all-agents,2016-07-10,20355378,376
Main_Page_en.wikipedia.org_all-access_all-agents,2016-07-11,21422204,377
Main_Page_en.wikipedia.org_all-access_all-agents,2016-07-12,20018252,378
Main_Page_en.wikipedia.org_all-access_all-agents,2016-07-13,19217592,379
Main_Page_en.wikipedia.org_all-access_all-agents,2016-07-14,19210468,380
Main_Page_en.wikipedia.org_all-access_all-agents,2016-07-15,17863040,381
Main_Page_en.wikipedia.org_all-access_all-agents,2016-07-16,20206353,382
Main_Page_en.wikipedia.org_all-access_all-agents,2016-07-17,20715838,383
Main_Page_en.wikipedia.org_all-access_all-agents,2016-07-18,22105018,384
Main_Page_en.wikipedia.org_all-access_all-agents,2016-07-19,20950175,385
Main_Page_en.wikipedia.org_all-access_all-agents,2016-07-20,34139539,386
Main_Page_en.wikipedia.org_all-access_all-agents,2016-07-21,51192572,387
Main_Page_en.wikipedia.org_all-access_all-agents,2016-07-22,58450678,388
Main_Page_en.wikipedia.org_all-access_all-agents,2016-07-23,59338673,389
Main_Page_en.wikipedia.org_all-access_all-agents,2016-07-24,62089436,390
Main_Page_en.wikipedia.org_all-access_all-agents,2016-07-25,67122896,391
Main_Page_en.wikipedia.org_all-access_all-agents,2016-07-26,67264258,392
Main_Page_en.wikipedia.org_all-access_all-agents,2016-07-27,65155635,393
Main_Page_en.wikipedia.org_all-access_all-agents,2016-07-28,64355899,394
Main_Page_en.wikipedia.org_all-access_all-agents,2016-07-29,60733892,395
Main_Page_en.wikipedia.org_all-access_all-agents,2016-07-30,59061776,396
Main_Page_en.wikipedia.org_all-access_all-agents,2016-07-31,62260676,397
Main_Page_en.wikipedia.org_all-access_all-agents,2016-08-01,66131225,398
Main_Page_en.wikipedia.org_all-access_all-agents,2016-08-02,63079604,399
Main_Page_en.wikipedia.org_all-access_all-agents,2016-08-03,52793258,400
Main_Page_en.wikipedia.org_all-access_all-agents,2016-08-04,45585806,401
Main_Page_en.wikipedia.org_all-access_all-agents,2016-08-05,47458565,402
Main_Page_en.wikipedia.org_all-access_all-agents,2016-08-06,51192162,403
Main_Page_en.wikipedia.org_all-access_all-agents,2016-08-07,53413868,404
Main_Page_en.wikipedia.org_all-access_all-agents,2016-08-08,59079240,405
Main_Page_en.wikipedia.org_all-access_all-agents,2016-08-09,58810005,406
Main_Page_en.wikipedia.org_all-access_all-agents,2016-08-10,60968723,407
Main_Page_en.wikipedia.org_all-access_all-agents,2016-08-11,60391421,408
Main_Page_en.wikipedia.org_all-access_all-agents,2016-08-12,59046677,409
Main_Page_en.wikipedia.org_all-access_all-agents,2016-08-13,59629636,410
Main_Page_en.wikipedia.org_all-access_all-agents,2016-08-14,59620572,411
Main_Page_en.wikipedia.org_all-access_all-agents,2016-08-15,63052818,412
Main_Page_en.wikipedia.org_all-access_all-agents,2016-08-16,56513868,413
Main_Page_en.wikipedia.org_all-access_all-agents,2016-08-17,24932384,414
Main_Page_en.wikipedia.org_all-access_all-agents,2016-08-18,22303320,415
Main_Page_en.wikipedia.org_all-access_all-agents,2016-08-19,20308033,416
Main_Page_en.wikipedia.org_all-access_all-agents,2016-08-20,23250487,417
Main_Page_en.wikipedia.org_all-access_all-agents,2016-08-21,23952557,418
Main_Page_en.wikipedia.org_all-access_all-agents,2016-08-22,25941328,419
Main_Page_en.wikipedia.org_all-access_all-agents,2016-08-23,25349272,420
Main_Page_en.wikipedia.org_all-access_all-agents,2016-08-24,24113373,421
Main_Page_en.wikipedia.org_all-access_all-agents,2016-08-25,22247584,422
Main_Page_en.wikipedia.org_all-access_all-agents,2016-08-26,20790822,423
Main_Page_en.wikipedia.org_all-access_all-agents,2016-08-27,25423849,424
Main_Page_en.wikipedia.org_all-access_all-agents,2016-08-28,26540023,425
Main_Page_en.wikipedia.org_all-access_all-agents,2016-08-29,29344275,426
Main_Page_en.wikipedia.org_all-access_all-agents,2016-08-30,31103317,427
Main_Page_en.wikipedia.org_all-access_all-agents,2016-08-31,31204891,428
Main_Page_en.wikipedia.org_all-access_all-agents,2016-09-01,31715068,429
Main_Page_en.wikipedia.org_all-access_all-agents,2016-09-02,29376870,430
Main_Page_en.wikipedia.org_all-access_all-agents,2016-09-03,32371673,431
Main_Page_en.wikipedia.org_all-access_all-agents,2016-09-04,31659790,432
Main_Page_en.wikipedia.org_all-access_all-agents,2016-09-05,28860529,433
Main_Page_en.wikipedia.org_all-access_all-agents,2016-09-06,27950040,434
Main_Page_en.wikipedia.org_all-access_all-agents,2016-09-07,24715632,435
Main_Page_en.wikipedia.org_all-access_all-agents,2016-09-08,22949889,436
Main_Page_en.wikipedia.org_all-access_all-agents,2016-09-09,20747572,437
Main_Page_en.wikipedia.org_all-access_all-agents,2016-09-10,23225672,438
Main_Page_en.wikipedia.org_all-access_all-agents,2016-09-11,23606134,439
Main_Page_en.wikipedia.org_all-access_all-agents,2016-09-12,21112560,440
Main_Page_en.wikipedia.org_all-access_all-agents,2016-09-13,24110201,441
Main_Page_en.wikipedia.org_all-access_all-agents,2016-09-14,27325638,442
Main_Page_en.wikipedia.org_all-access_all-agents,2016-09-15,27961548,443
Main_Page_en.wikipedia.org_all-access_all-agents,2016-09-16,21484410,444
Main_Page_en.wikipedia.org_all-access_all-agents,2016-09-17,24608553,445
Main_Page_en.wikipedia.org_all-access_all-agents,2016-09-18,24435184,446
Main_Page_en.wikipedia.org_all-access_all-agents,2016-09-19,25876370,447
Main_Page_en.wikipedia.org_all-access_all-agents,2016-09-20,21122308,448
Main_Page_en.wikipedia.org_all-access_all-agents,2016-09-21,23382976,449
Main_Page_en.wikipedia.org_all-access_all-agents,2016-09-22,22831827,450
Main_Page_en.wikipedia.org_all-access_all-agents,2016-09-23,20510385,451
Main_Page_en.wikipedia.org_all-access_all-agents,2016-09-24,23020464,452
Main_Page_en.wikipedia.org_all-access_all-agents,2016-09-25,23806156,453
Main_Page_en.wikipedia.org_all-access_all-agents,2016-09-26,24712373,454
Main_Page_en.wikipedia.org_all-access_all-agents,2016-09-27,25200807,455
Main_Page_en.wikipedia.org_all-access_all-agents,2016-09-28,24108358,456
Main_Page_en.wikipedia.org_all-access_all-agents,2016-09-29,22857501,457
Main_Page_en.wikipedia.org_all-access_all-agents,2016-09-30,20989605,458
Main_Page_en.wikipedia.org_all-access_all-agents,2016-10-01,24142502,459
Main_Page_en.wikipedia.org_all-access_all-agents,2016-10-02,23884450,460
Main_Page_en.wikipedia.org_all-access_all-agents,2016-10-03,26068490,461
Main_Page_en.wikipedia.org_all-access_all-agents,2016-10-04,26381746,462
Main_Page_en.wikipedia.org_all-access_all-agents,2016-10-05,32100228,463
Main_Page_en.wikipedia.org_all-access_all-agents,2016-10-06,33446984,464
Main_Page_en.wikipedia.org_all-access_all-agents,2016-10-07,20846487,465
Main_Page_en.wikipedia.org_all-access_all-agents,2016-10-08,23045860,466
Main_Page_en.wikipedia.org_all-access_all-agents,2016-10-09,23950609,467
Main_Page_en.wikipedia.org_all-access_all-agents,2016-10-10,24911167,468
Main_Page_en.wikipedia.org_all-access_all-agents,2016-10-11,19697279,469
Main_Page_en.wikipedia.org_all-access_all-agents,2016-10-12,17717891,470
Main_Page_en.wikipedia.org_all-access_all-agents,2016-10-13,21412287,471
Main_Page_en.wikipedia.org_all-access_all-agents,2016-10-14,21272905,472
Main_Page_en.wikipedia.org_all-access_all-agents,2016-10-15,24250217,473
Main_Page_en.wikipedia.org_all-access_all-agents,2016-10-16,24592486,474
Main_Page_en.wikipedia.org_all-access_all-agents,2016-10-17,26989955,475
Main_Page_en.wikipedia.org_all-access_all-agents,2016-10-18,25225794,476
Main_Page_en.wikipedia.org_all-access_all-agents,2016-10-19,23660638,477
Main_Page_en.wikipedia.org_all-access_all-agents,2016-10-20,22116420,478
Main_Page_en.wikipedia.org_all-access_all-agents,2016-10-21,20252516,479
Main_Page_en.wikipedia.org_all-access_all-agents,2016-10-22,23402387,480
Main_Page_en.wikipedia.org_all-access_all-agents,2016-10-23,23619375,481
Main_Page_en.wikipedia.org_all-access_all-agents,2016-10-24,25393681,482
Main_Page_en.wikipedia.org_all-access_all-agents,2016-10-25,24275860,483
Main_Page_en.wikipedia.org_all-access_all-agents,2016-10-26,23480659,484
Main_Page_en.wikipedia.org_all-access_all-agents,2016-10-27,22307289,485
Main_Page_en.wikipedia.org_all-access_all-agents,2016-10-28,19895676,486
Main_Page_en.wikipedia.org_all-access_all-agents,2016-10-29,22612237,487
Main_Page_en.wikipedia.org_all-access_all-agents,2016-10-30,22989275,488
Main_Page_en.wikipedia.org_all-access_all-agents,2016-10-31,25227037,489
Main_Page_en.wikipedia.org_all-access_all-agents,2016-11-01,24032882,490
Main_Page_en.wikipedia.org_all-access_all-agents,2016-11-02,23741705,491
Main_Page_en.wikipedia.org_all-access_all-agents,2016-11-03,22673494,492
Main_Page_en.wikipedia.org_all-access_all-agents,2016-11-04,20863840,493
Main_Page_en.wikipedia.org_all-access_all-agents,2016-11-05,22975452,494
Main_Page_en.wikipedia.org_all-access_all-agents,2016-11-06,23323521,495
Main_Page_en.wikipedia.org_all-access_all-agents,2016-11-07,25021478,496
Main_Page_en.wikipedia.org_all-access_all-agents,2016-11-08,24600978,497
Main_Page_en.wikipedia.org_all-access_all-agents,2016-11-09,25299803,498
Main_Page_en.wikipedia.org_all-access_all-agents,2016-11-10,24222062,499
Main_Page_en.wikipedia.org_all-access_all-agents,2016-11-11,20815452,500
Main_Page_en.wikipedia.org_all-access_all-agents,2016-11-12,23478692,501
Main_Page_en.wikipedia.org_all-access_all-agents,2016-11-13,24367857,502
Main_Page_en.wikipedia.org_all-access_all-agents,2016-11-14,25562156,503
Main_Page_en.wikipedia.org_all-access_all-agents,2016-11-15,24232961,504
Main_Page_en.wikipedia.org_all-access_all-agents,2016-11-16,24032891,505
Main_Page_en.wikipedia.org_all-access_all-agents,2016-11-17,22337989,506
Main_Page_en.wikipedia.org_all-access_all-agents,2016-11-18,20330717,507
Main_Page_en.wikipedia.org_all-access_all-agents,2016-11-19,22768824,508
Main_Page_en.wikipedia.org_all-access_all-agents,2016-11-20,20381243,509
Main_Page_en.wikipedia.org_all-access_all-agents,2016-11-21,24418217,510
Main_Page_en.wikipedia.org_all-access_all-agents,2016-11-22,23945550,511
Main_Page_en.wikipedia.org_all-access_all-agents,2016-11-23,22702624,512
Main_Page_en.wikipedia.org_all-access_all-agents,2016-11-24,21129614,513
Main_Page_en.wikipedia.org_all-access_all-agents,2016-11-25,20059135,514
Main_Page_en.wikipedia.org_all-access_all-agents,2016-11-26,22898094,515
Main_Page_en.wikipedia.org_all-access_all-agents,2016-11-27,22245105,516
Main_Page_en.wikipedia.org_all-access_all-agents,2016-11-28,21392793,517
Main_Page_en.wikipedia.org_all-access_all-agents,2016-11-29,22782984,518
Main_Page_en.wikipedia.org_all-access_all-agents,2016-11-30,20294284,519
Main_Page_en.wikipedia.org_all-access_all-agents,2016-12-01,21174392,520
Main_Page_en.wikipedia.org_all-access_all-agents,2016-12-02,19551058,521
Main_Page_en.wikipedia.org_all-access_all-agents,2016-12-03,22703751,522
Main_Page_en.wikipedia.org_all-access_all-agents,2016-12-04,22657555,523
Main_Page_en.wikipedia.org_all-access_all-agents,2016-12-05,25201283,524
Main_Page_en.wikipedia.org_all-access_all-agents,2016-12-06,23745159,525
Main_Page_en.wikipedia.org_all-access_all-agents,2016-12-07,22923017,526
Main_Page_en.wikipedia.org_all-access_all-agents,2016-12-08,21902049,527
Main_Page_en.wikipedia.org_all-access_all-agents,2016-12-09,19534309,528
Main_Page_en.wikipedia.org_all-access_all-agents,2016-12-10,22855008,529
Main_Page_en.wikipedia.org_all-access_all-agents,2016-12-11,22928843,530
Main_Page_en.wikipedia.org_all-access_all-agents,2016-12-12,24765200,531
Main_Page_en.wikipedia.org_all-access_all-agents,2016-12-13,23661288,532
Main_Page_en.wikipedia.org_all-access_all-agents,2016-12-14,22659908,533
Main_Page_en.wikipedia.org_all-access_all-agents,2016-12-15,20834185,534
Main_Page_en.wikipedia.org_all-access_all-agents,2016-12-16,19653625,535
Main_Page_en.wikipedia.org_all-access_all-agents,2016-12-17,18573504,536
Main_Page_en.wikipedia.org_all-access_all-agents,2016-12-18,22423821,537
Main_Page_en.wikipedia.org_all-access_all-agents,2016-12-19,25067237,538
Main_Page_en.wikipedia.org_all-access_all-agents,2016-12-20,25044262,539
Main_Page_en.wikipedia.org_all-access_all-agents,2016-12-21,26283835,540
Main_Page_en.wikipedia.org_all-access_all-agents,2016-12-22,24201081,541
Main_Page_en.wikipedia.org_all-access_all-agents,2016-12-23,22539246,542
Main_Page_en.wikipedia.org_all-access_all-agents,2016-12-24,25056620,543
Main_Page_en.wikipedia.org_all-access_all-agents,2016-12-25,25865746,544
Main_Page_en.wikipedia.org_all-access_all-agents,2016-12-26,28342885,545
Main_Page_en.wikipedia.org_all-access_all-agents,2016-12-27,26916991,546
Main_Page_en.wikipedia.org_all-access_all-agents,2016-12-28,27025053,547
Main_Page_en.wikipedia.org_all-access_all-agents,2016-12-29,26073819,548
Main_Page_en.wikipedia.org_all-access_all-agents,2016-12-30,24363967,549
Main_Page_en.wikipedia.org_all-access_all-agents,2016-12-31,26149541,550
